{
  "config": {
    "chem": {
      "occs_dn": [
        0,
        1,
        2,
        3
      ],
      "occs_up": [
        0,
        1,
        2,
        3
      ],
      "point_group": "c1"
    },
    "eps_vars": [
      100.0,
      10.0,
      1.0,
      0.1
    ],
    "eps_vars_schedule": [
      500.0,
      50.0,
      5.0,
      0.5
    ],
    "load_integrals_cache": false,
    "n_dn": 4,
    "n_up": 4,
    "system": "chem",
    "target_error": 1e-09,
    "time_sym": false,
    "var_only": true
  },
  "energy_hf": -28.673487513220568,
  "energy_var": {
    "1.00e+00": -28.673487513220568,
    "1.00e+01": -28.673487513220568,
    "1.00e+02": -28.673487513220568,
    "1.00e+03": -28.67348751322054,
    "1.00e-01": -28.725223641787625,
    "1.00e-02": -28.78472264732369,
    "1.00e-03": -28.78955584505577,
    "1.00e-04": -28.78962352190168,
    "1.00e-05": -28.789624109134238,
    "1.00e-06": -28.789624118184875
  },
  "n_elecs": 8
}
